,A,B,C,D
2000-01-01,0.2581528004671443,-0.0823748915095195,-0.26599735983457073,0.5610104290680294
2000-01-02,-1.398081867022826,0.5010806668356651,0.23407540591635823,1.948610095270051
2000-01-03,0.24893081148132246,1.4126384379808838,-0.492943925989078,-0.0609416632901536
2000-01-04,-0.07480441664947995,1.1555633796304028,-0.29523735434334963,0.5014355594070424
2000-01-05,-1.6926925659517502,-0.3164040464264153,-0.37289765663122404,1.2158612827698057
2000-01-06,-1.2098054411396886,-0.6067858611455154,1.5769676746166474,1.1029832912801711
2000-01-07,-1.0126707971516522,-0.7745727582302124,2.7324748244641253,0.9330399785261966
2000-01-08,-2.1515103654128067,-2.089793466355749,1.4471285313059414,0.03201157666887877
2000-01-09,-1.2653230101851392,-0.1385392238468801,-0.22217548257538455,-0.1009963558217789
2000-01-10,-0.9003331041221383,0.208093072627483,0.6233328967159266,-0.8865930123425307
2000-01-11,-1.5966598731076445,0.6798826869997452,0.39900804862794065,-1.0253614836110914
2000-01-12,-2.7156211161773998,0.7936167608954648,1.5067743840328898,-2.5188601692647605
2000-01-13,-2.370983554651567,-1.134106474239441,1.6335311249150735,-4.128989760359235
2000-01-14,-1.8527870351102464,-3.0467142089196395,4.078645045498734,-5.417548198038119
2000-01-15,-0.8764044528526742,-3.7108124455963827,3.7226984536017023,-6.1552567218721155
2000-01-16,-1.7569166526804003,-4.023868002133824,2.372426739159443,-3.7280196425847425
2000-01-17,-1.6990954280729802,-3.3059070326328257,2.7204726976498748,-3.1801711885366792
2000-01-18,-1.448842402883355,-2.896089355589312,2.075597247262822,-2.999925331764873
2000-01-19,-2.872359535133381,-4.171547101315502,2.0473380399298207,-4.313677850163412
2000-01-20,-4.425953138338295,-4.226979933412993,4.490207262021788,-4.888492766831933
2000-01-21,0.6339476618613524,-4.135899257630886,5.690107814466549,-4.380788160469998
2000-01-22,0.9164380448407585,-3.753109203856409,5.881969841122742,-4.672501509354978
2000-01-23,1.370411990473701,-4.614249044913647,4.928515521130921,-3.553268804697483
2000-01-24,0.962463575081085,-4.593216528298411,4.616237952135756,-4.150124744107532
2000-01-25,0.9331107197733671,-3.819860157556046,4.17293902207694,-2.319229153568612
2000-01-26,1.3827756445661197,-4.684139428610701,4.960730910368902,-3.265031047293234
2000-01-27,1.8786763963838904,-4.964923229302371,4.421616880843367,-2.8878381366815007
2000-01-28,1.0350023191060935,-4.039016174326965,3.1186508489446174,-3.7656360305289667
2000-01-29,2.3502024984709813,-4.782308837409519,2.8914668501666836,-4.295065393267708
2000-01-30,0.6935975283698188,-5.200670092601664,2.6422418439228132,-5.108874529130616
2000-01-31,0.8484900391592693,-3.3878350390901,1.9282032346917606,-3.4929396430519333
2000-02-01,0.7129751404438212,-3.935516549669264,3.700657721269333,-3.951734441221164
2000-02-02,2.7287846591591536,-3.9017601988118416,3.190745137766075,-4.347935858550368
2000-02-03,2.9651460402738796,-3.3711664649723154,3.661707125834153,-3.8032398155325424
2000-02-04,3.4802686869521167,-4.583816459569463,3.389461070900184,-3.8082353879077946
2000-02-05,5.010678456456687,-5.203847618608635,2.591273234381439,-4.956360432121917
2000-02-06,5.175160404501906,-4.6866250937716645,2.579937060435989,-3.5850983329213446
2000-02-07,4.154941847313417,-2.858205949896151,3.104865316176391,-4.376530152494016
2000-02-08,3.991253952228881,-2.7438397294991046,2.639613031847192,-6.389395670311803
2000-02-09,3.5497910721764505,-4.40794049175189,0.6556183941492755,-5.12383019479935
2000-02-10,3.7143560670169964,-4.270172732182963,0.34923114275921596,-3.6294462238607297
2000-02-11,3.5890514261135467,-5.230225008604519,0.32154455784673724,-3.680737874273887
2000-02-12,4.939333347508499,-6.107228390118175,0.6991149929783934,-2.8943843888666034
2000-02-13,5.624898966054708,-5.40768217576269,0.11902643903732757,-2.1523201754812087
2000-02-14,4.951772858235093,-5.626234759632076,0.4400147182273779,-1.7835439553399737
2000-02-15,5.310951297074682,-7.038270908520149,-0.6167254361004628,-1.4124716601284617
2000-02-16,6.350976602863712,-7.024865786114971,0.5913963805785742,-0.9135012053963677
2000-02-17,4.512153434701702,-6.149183224165297,0.467800842628263,0.49985465528280637
2000-02-18,4.391727024412386,-6.062232039143107,0.4289416190866942,0.41329624210906285
2000-02-19,3.7102773405900447,-6.776621529056307,0.8446430987521767,0.32178130327328885
2000-02-20,4.239042115749646,-5.3972167207431605,1.359269671794321,-0.25964293660888876
2000-02-21,4.562364224734988,-5.95753234178765,1.7717871771851352,1.026067220799492
2000-02-22,3.6381551941204404,-6.33972313126979,1.759500991912488,1.7297231937119673
2000-02-23,4.326785242402046,-7.558216486835571,2.3211249768567415,2.6600789345464726
2000-02-24,4.419141624350646,-6.815136009832822,4.048922822738144,1.3225171443141637
2000-02-25,4.932446698178714,-6.169289165621559,3.729939583522061,0.8579368792803895
2000-02-26,4.503095456258534,-6.4129765765846525,4.166555774905401,2.013808507102315
2000-02-27,4.851913545730954,-7.9982030109760816,3.1344090283547015,3.7498218878840257
2000-02-28,6.3800604029172305,-9.522099690131336,3.6827947390509648,3.5034553927376444
2000-02-29,7.03778011551913,-10.196999959487906,2.593174484850768,4.236050323870842
2000-03-01,8.171382300575566,-11.536887487934798,3.6665195389213467,4.3929344027425765
2000-03-02,8.609075233425937,-10.750340517655577,2.004282778980173,4.995234050018661
2000-03-03,7.688915042049939,-9.786593275385474,0.8134571955523893,4.642062886987551
2000-03-04,6.442908703397988,-9.217131610818322,2.7437972081772104,5.988038040710493
2000-03-05,8.540711508936585,-8.95561601683929,2.618422439588182,6.719459824123967
2000-03-06,8.835449044115192,-8.896490082839554,1.3608521775003568,5.579831192926839
2000-03-07,9.768485315708245,-9.202120969567439,-0.7231168624613382,5.328016494764661
2000-03-08,10.143807466965288,-10.073318135935153,-1.6921151663374692,4.7311717449056605
2000-03-09,11.420865236688483,-9.393887970829685,-0.9657647304561451,3.690606307398162
2000-03-10,11.036841840173635,-8.49333685625414,-0.5306793057772863,3.7336622851934935
2000-03-11,11.370422527571558,-7.488869577659236,-0.9090062319576033,4.027712773495327
2000-03-12,11.488932093197525,-7.029568842653581,-1.3560956040005445,5.242997103010703
2000-03-13,8.941554258117712,-7.702773766501194,-0.7619401986450968,6.3234643556787
2000-03-14,7.7615029102285416,-6.769887650799228,-0.5412094298265493,4.983528719451052
2000-03-15,7.065218028882311,-7.2277325245294355,-0.7303091402402075,5.20959211638179
2000-03-16,7.691489020320054,-6.2558433468088355,-2.1178784902680436,4.090187632731236
2000-03-17,5.537089477975941,-5.174495881980814,-1.7198884869012576,5.215805679500724
2000-03-18,5.787526227947968,-5.209573455698694,0.45941018133836975,6.182096241063522
2000-03-19,4.933301935949247,-4.044481199475581,-0.09790111473190621,6.402828465522579
2000-03-20,4.976810568941209,-3.386608283766013,0.857385133488059,6.437370838754822
2000-03-21,4.820631452220086,-3.9215710339806655,1.2214475175125004,7.205146303533148
2000-03-22,5.526408090554241,-3.962811084420954,1.4860165107630088,5.266827276209153
2000-03-23,4.49220118106551,-2.8221506928339624,1.9855923925912065,6.899207801274889
2000-03-24,1.6217064666645813,-3.3605094259873023,3.2727374659692634,7.113399160242319
2000-03-25,3.7674763453483684,-3.3192140464192876,2.8945216541498118,6.404674393656693
2000-03-26,3.8408016901639166,-3.700147829136032,3.4106140536330924,5.5948989905903534
2000-03-27,2.5392339845033582,-3.64058168759898,1.4602452014785665,5.470134710886934
2000-03-28,1.5439696851955496,-5.060414449522588,3.5311985926130234,3.8203152857875606
2000-03-29,2.367036586937354,-5.718778549248181,3.95077401010848,3.5978713436218532
2000-03-30,2.4062730244627373,-7.376339955361312,3.0593547438907382,5.211545952888158
2000-03-31,1.753292011618508,-6.882578317523256,1.0809750052741325,4.660886029010036
2000-04-01,0.3827934906713626,-5.86311078776455,1.1071203755753276,4.771249719575043
2000-04-02,1.4788779837434465,-4.235836351871593,1.7328686351888527,4.918015511083174
2000-04-03,2.4591620590480607,-5.464270740929978,2.3507351005601542,5.861595331805617
2000-04-04,1.7348114830106975,-6.717874253668129,1.8899154049534224,5.874243408855503
2000-04-05,2.256954765417497,-7.124917834582435,1.4434453332349497,5.5171855229406885
2000-04-06,2.651324741964344,-6.757316769862122,2.2686427319874816,5.450685970561277
2000-04-07,3.102249627105027,-5.15568063786219,1.805904077553853,4.800441323705206
2000-04-08,1.2457883288273208,-4.81572630396083,2.918101927894196,6.975145007090755
2000-04-09,1.789322449411308,-5.405682093646114,1.0252724896112608,6.871753968867015
2000-04-10,2.294012773869505,-4.7873257045647035,0.8374356461744059,7.825770638787316
2000-04-11,1.8326834680647188,-5.921915317935164,0.16725387181160245,8.5485383470422
2000-04-12,2.119448660947238,-4.520888037080431,-0.4220589866305079,8.06962108337923
2000-04-13,2.3646172227485165,-5.141714860474275,-0.9207333978653272,7.354838866817038
2000-04-14,1.346713887015752,-6.366122996383722,-1.144564774569589,6.984206860778357
2000-04-15,2.4028605681507265,-8.354783661016842,-1.5543215667930135,5.9733499476203225
2000-04-16,3.061834556784061,-9.048596924311212,-0.2649495792522547,5.630215123944134
2000-04-17,3.724637329886203,-8.389953194251817,-0.10849993968408106,5.08897704706917
2000-04-18,4.0245467106946915,-8.135731412192065,-1.6076022975756497,6.570390845539638
2000-04-19,5.7322817044775,-7.327223878908301,-1.3995346963739284,7.528483681705323
2000-04-20,5.898840990415803,-8.089406123089633,-1.2473292245811711,7.082929966697888
2000-04-21,5.802704368483619,-6.881985275261055,-0.09703671986026774,7.042168583067074
2000-04-22,4.337959506967852,-5.696426129457375,1.57236794905386,5.168052209051201
2000-04-23,2.305313542096818,-4.827637194475136,-0.4945120313361946,4.822221493698676
2000-04-24,3.9567238141096945,-4.6899544709010454,0.405949970665745,4.350756908652557
2000-04-25,5.504890785906362,-4.829777482129124,1.9070269138269746,3.5851132434561475
2000-04-26,3.83525389841037,-5.101080243148848,3.2401998076571674,3.512365830291164
2000-04-27,4.818059814572041,-4.378378891908225,0.9956178913467202,4.337852778491962
2000-04-28,5.215885242504852,-3.518345044879444,1.3995716354225305,6.026423200021422
2000-04-29,4.15840306902683,-4.5496587432099265,1.6700477731863148,5.759880232821642
2000-04-30,5.093580228624199,-4.513909203867644,1.1552752064245004,5.606915308248121
2000-05-01,5.871155634208212,-6.217286879416717,-1.2320573983984315,5.3762721713283135
2000-05-02,6.040554691980399,-6.555819130729028,-0.2773625229168615,5.07385310117547
2000-05-03,4.895876185784373,-5.1112168856499105,-0.5796954049000415,4.680921865492676
2000-05-04,6.239317128306236,-5.758347977267208,-1.3211675398988145,5.314846082701448
2000-05-05,6.7185666103308925,-4.7147670513239985,-1.8019260623531992,6.881283956099731
2000-05-06,5.755720129981023,-4.2008474275675365,-2.2041460756867193,8.001325548744221
2000-05-07,5.420459070798644,-3.69134508556992,-3.6743548321208443,7.635351347769404
2000-05-08,5.932842942837159,-2.9347527197642203,-3.7629009980260752,9.440396245550092
2000-05-09,6.556841102604058,-4.502884642634786,-2.9709624727637802,10.600800200813499
2000-05-10,4.9019540993074395,-3.9527517034878876,-2.4060051144815873,11.254782530997131
2000-05-11,5.250254320540847,-3.368229010914739,-3.5693104398569764,10.29038765319244
2000-05-12,4.346817126702684,-4.640225358868685,-1.4306778774890345,11.138199430175725
2000-05-13,3.43574605581557,-4.959007422399302,0.360419743442955,12.47203489666231
2000-05-14,2.4665923195014603,-4.525151396332908,-0.6531902384459904,12.722849685128333
2000-05-15,2.9252692583638145,-4.997614582576505,-0.04770164056322301,12.760046741820366
2000-05-16,2.028821425369534,-5.672505860889752,-1.0417777757844426,13.725592618516552
2000-05-17,2.7832438911694912,-5.552385950325171,-2.0098974933686757,14.13711752705516
2000-05-18,3.615972613938943,-4.8515106063579765,-2.3403396689523066,15.38706818383966
2000-05-19,3.544273849332043,-4.327225482425609,-4.100425299643879,15.29322508720904
2000-05-20,3.4260443131133047,-5.337676114672689,-4.455370234813607,17.482844931755903
2000-05-21,3.692814212189137,-4.963619600373903,-3.901335778939905,18.791172104393045
2000-05-22,2.1318012168047975,-3.2064424293384475,-3.7295988794226553,19.48392028162596
2000-05-23,2.278855211757434,-3.604141835799907,-4.108093415210475,18.478772335952552
2000-05-24,1.914591130285791,-2.614519348789746,-5.104753234574822,19.05832537270405
2000-05-25,2.373075410647771,-2.6750501144458196,-5.073317318823344,17.309276320219247
2000-05-26,2.3220491190116306,-4.429742267930548,-4.95672591329495,18.551781077932738
2000-05-27,3.5520656800935253,-3.8958807463766005,-5.565586540361217,17.995541955328
2000-05-28,4.196590294840017,-2.449782754821646,-3.897505106401968,17.54651168167801
2000-05-29,2.958121087366858,-2.485391394307904,-3.652581238753027,17.474587812587334
2000-05-30,3.028521243653466,-0.9896987537660091,-3.90239736468131,15.914729218009784
2000-05-31,2.091736451165879,-0.9423100634993301,-4.462765927586068,17.198407945726135
2000-06-01,1.241705310242848,-0.19912759331252128,-5.242478885624073,17.509496518355697
2000-06-02,1.8035375927254758,-0.16905047665546735,-6.771562637065682,18.116127769715007
2000-06-03,1.71300862340687,2.1167195943671833,-7.614129566644181,18.370989852033915
2000-06-04,0.9956311798894006,2.088083140039989,-7.508341315892118,18.196129058936354
2000-06-05,1.37378822201469,1.9458556274687584,-7.985798426304376,19.17094154880894
2000-06-06,2.091591689072838,2.0081699983195533,-7.377746213066379,19.829605889831367
2000-06-07,1.9591439135187902,1.4177882631351504,-7.538489675326788,19.42400908428413
2000-06-08,1.6215018872638929,1.8575532101795977,-7.369533846754322,19.267428856481928
2000-06-09,2.4860388073876933,0.7635030980852695,-5.217574581865954,19.278787984540145
2000-06-10,3.4661260034320107,-0.6178864561872701,-4.372651137466354,19.360066635708243
2000-06-11,1.7874686789319678,-0.7283170278013994,-4.561747213134977,18.821326913549402
2000-06-12,1.8214972640282483,0.6521643919355223,-2.9804308520946616,19.633508180072923
2000-06-13,1.0118844164463463,-0.4949599638085608,-1.2892946546826571,19.450484179496872
2000-06-14,1.0507619299202582,0.020845492614291472,-0.34187388344028224,18.760362153541816
2000-06-15,1.8130934063412942,2.824920827658551,0.29848482038455526,18.839165068921698
2000-06-16,2.8821093033915957,2.06289266337717,-0.4071626591962828,18.651177600706628
2000-06-17,3.382852107753962,2.6282878882106924,-0.4583647968122997,18.47486603372591
2000-06-18,4.196662313060406,2.287768608546111,-0.858543528665316,20.50266327624936
2000-06-19,3.4812301980508984,3.0770240531358,-0.4992319972367225,20.200856006827546
2000-06-20,3.994547348853202,2.9970293086752764,-0.4266139186547073,20.685638489615428
2000-06-21,3.507920257600304,3.407908066050832,-1.226797650977042,20.63828327981432
2000-06-22,1.4654373314298983,4.7319872948114465,-1.9171124431027307,18.78177202818114
2000-06-23,0.07658052502126345,5.1071486349295006,-1.921957225498907,20.783589830868017
2000-06-24,1.5372913554167535,6.58823671132754,-1.9583700177879693,19.34687825466823
2000-06-25,2.6492533337209143,5.5930573351590995,-2.8155833040962803,19.382290908390505
2000-06-26,3.1850242506266078,4.741760202554861,-3.3028470931756098,19.09440370087139
2000-06-27,3.247042000056143,5.990688756596813,-2.9883988704953763,17.312343756859086
2000-06-28,6.109372111354126,4.840811499692618,-4.302269276968314,16.60213442196475
2000-06-29,7.521040350522325,5.333651102445321,-1.8969333028757385,16.753900333801507
2000-06-30,7.513525847055751,5.075033789827652,-1.7442700145933812,17.69592897879953
2000-07-01,9.046660577204568,5.3518964418139445,-2.59604960970122,18.420820136366448
2000-07-02,8.32893165344885,3.0018874512728515,-1.7613385704130327,17.30326330842389
2000-07-03,9.293373378805631,2.508343756286203,-1.3577923420800977,16.442568755421892
2000-07-04,11.240702542155779,0.509386804038408,-1.9621914760540515,15.341603964999562
2000-07-05,10.884024842787724,0.6755793898794081,-2.954108698345747,18.384311891503874
2000-07-06,11.793578217512596,0.6686579151431494,-2.260191839007283,19.88139073909186
2000-07-07,13.099322172581976,1.8099949437220224,-0.8906711754369743,19.63307573769348
2000-07-08,13.193897461259455,3.555494351093042,-0.4762809534557176,22.380634733162495
2000-07-09,11.750706897552638,3.0613562786936144,1.8365543886047635,22.29787200874527
2000-07-10,12.19471982109107,1.7896965803607612,2.0671871099721035,22.15952254956343
2000-07-11,13.447459566062152,2.671118052531232,3.4681405371948593,20.530212389818217
2000-07-12,13.956700413003565,4.452904595594744,5.356136329331025,20.717129670145056
2000-07-13,14.771444850579918,5.464011752929651,4.722549171527399,21.183080257166356
2000-07-14,14.737820290758759,4.149693296402499,2.939854273966106,20.776755456044594
2000-07-15,14.275907850877449,5.372997695046265,1.320883008294121,19.838995870792772
2000-07-16,16.003221480688858,5.754896898236586,1.0316686990113948,20.67584085877775
2000-07-17,16.668181829171644,4.547579645376862,3.6446372032900367,19.09492822158588
2000-07-18,16.141363953343628,5.7008442032473265,2.7480030508216826,19.99441938123241
2000-07-19,18.41423210185111,6.952401668250069,2.7614643261228666,21.41955815174564
2000-07-20,18.768626777693118,8.13035461382302,3.359629930767028,21.053470006342206
2000-07-21,17.12914772784697,6.739268452728657,3.959431782742663,22.41559916721383
2000-07-22,19.604600417924196,5.623702161641142,3.5747237892309727,21.562955672736365
2000-07-23,18.480146890030696,5.27555542217177,4.2708266528188705,21.319427301834686
2000-07-24,18.11385947466586,4.852349795045937,3.5383936524776383,22.747560466208903
2000-07-25,19.383514017417035,5.710846467686059,3.7544850817470405,25.003585530940335
2000-07-26,18.65983022393781,6.149630529574645,3.127053933736714,24.972109966193177
2000-07-27,18.25972574258994,5.453745209692055,3.4050892588611728,25.78755279737405
2000-07-28,18.592171602851433,5.370420180037541,3.059772315219622,24.714258867190452
2000-07-29,18.073363993708618,4.568846815136391,1.4704748640167067,23.678159144823656
2000-07-30,17.540422717401533,5.9191940497935285,0.688085616886533,24.104103635789752
2000-07-31,17.1345216054415,5.710078530291464,-0.5321719198610495,25.316692442560036
2000-08-01,17.23582293790532,4.876000204369895,0.16487309180749377,26.336711267288802
2000-08-02,17.37984728577334,4.832731840490477,0.5301549265694023,24.762610832476454
2000-08-03,15.573656019381923,6.772826465154383,-1.0323627719694706,24.9398450122364
2000-08-04,17.442964208324625,6.0355907117238825,-1.4660807200277297,24.785050918020282
2000-08-05,16.14244828865247,5.77614450388837,-1.4143827633012513,23.298087983834208
2000-08-06,16.728803224956796,5.568656254740716,0.39595250408031046,24.349451938924982
2000-08-07,16.48642150133251,5.13434570116785,1.9720520750253863,23.247536334418406
2000-08-08,18.16566521855954,5.124763327908053,1.6818760495735112,22.821076222428403
2000-08-09,17.482620979087887,4.868499170557959,1.068973356323519,21.98692310818476
2000-08-10,17.26439973965653,5.266241475555791,1.29567986797162,22.844182007554057
2000-08-11,16.325484956650694,6.673875247638026,0.609516257396144,21.043514985201792
2000-08-12,19.234458503956425,6.275915540291742,-1.167158763078736,21.84667684271406
2000-08-13,20.062409360158494,5.228237212580279,-2.298576302911861,21.791206655434323
2000-08-14,21.388620242868818,4.322585311391071,-1.6017690116359296,20.812863324984846
2000-08-15,23.23194566137046,4.610155521224139,-1.3683644013486458,20.286429373362495
2000-08-16,23.660243311405413,5.024712860500564,-1.5126602031340226,20.420860415296897
2000-08-17,23.866683196071303,4.254604597628398,-0.6874961324741637,21.273426674494957
2000-08-18,25.30240227690557,3.3124153827016496,0.07381731946124648,22.958159406023864
2000-08-19,25.942516168321127,3.6715757555334436,-0.34188122884417643,20.970563230256705
2000-08-20,25.221319615690373,2.2318464780673217,0.46508381882305033,19.715109382241963
2000-08-21,25.03341091309761,1.2871422425046544,-1.6778401448857905,18.913944849254047
2000-08-22,25.18159987935848,1.7623207331246324,-2.7424116762910913,19.68986155193989
2000-08-23,24.699664377379495,1.086450197295852,-2.880384327324501,21.080055561420046
2000-08-24,27.224211602245596,2.1347851440819934,-1.832608667701412,21.481431660142334
2000-08-25,27.080453054376402,1.0724094670208637,-2.414616936866275,21.948654573061827
2000-08-26,27.87326005340529,0.20924164793339195,-1.5461930016536671,20.80587088259662
2000-08-27,29.186695931618427,1.2517409100312529,-0.6429474076355395,21.750473033245687
2000-08-28,30.6231225994009,0.5710208352887216,-1.395804551808268,22.34378007338739
2000-08-29,29.595794112869893,2.220932185338258,-2.012032160311124,23.817336581901785
2000-08-30,27.821354282458845,2.4084830655889484,-0.9576062334091187,23.60445545775159
2000-08-31,27.885443943228584,2.482812864258578,-0.9745360662127007,23.125158904619273
2000-09-01,28.05647062277954,2.367972347986303,-1.268235896573259,22.814411229046737
2000-09-02,27.65553118373905,3.870521424903641,-0.9123662811138218,21.732464239554695
2000-09-03,27.54710658565146,3.441004927952591,-1.0405342079582625,21.553003436985982
2000-09-04,25.76272230696434,3.580447679164603,-2.2433653921191175,23.006292047980036
2000-09-05,26.837240113581093,4.583636343571183,-2.836428728348541,20.05127975646559
2000-09-06,26.947207083212614,5.349690144571929,-2.9310718643772677,20.913234280140294
2000-09-07,27.057898769447778,6.773881651631408,-2.844904168485802,21.171996270401834
2000-09-08,26.94032037410718,7.788942097584456,-1.6679913654543082,21.396775700007392
2000-09-09,26.991414991247655,7.864467608520663,-1.9374969720883788,22.062723280663896
2000-09-10,26.43301986089485,7.127608673829739,-1.3628052708059064,23.060141562378035
2000-09-11,27.005797914645356,6.511403913921131,-2.300691202554077,24.2720700091842
2000-09-12,27.186073318633845,7.280453947393888,-2.483028980157742,24.0443055785284
2000-09-13,26.782639592010018,9.00670198463051,-4.5776291558354485,25.623363168475702
2000-09-14,26.634580850254157,7.904652286072179,-4.847929641616951,26.36198668400276
2000-09-15,27.192470578267812,7.116188957865744,-4.691011687798844,27.93171210117621
2000-09-16,25.237374041353597,6.238136705874707,-5.20278264515777,28.158590242154933
2000-09-17,26.75313400209222,7.024814590226795,-5.043014296697807,27.15011824506945
2000-09-18,27.119155294978363,8.214066263396566,-6.115501772350305,26.079184449707434
2000-09-19,25.746430795359558,8.966379951751493,-6.435610448712264,24.81441889604859
2000-09-20,25.276495434404886,9.453392478141078,-6.950842129536534,23.44285108615905
2000-09-21,25.04588379730814,9.511516964066164,-6.4761155506769,22.259189000146534
2000-09-22,24.91107332347409,9.501473881077656,-7.067322287897066,20.04242022063609
2000-09-23,24.940946601661345,8.38597846347945,-7.7894224261755145,22.59502200830081
2000-09-24,26.830977316537446,8.346557229669553,-6.433180995868804,21.43436327596158
2000-09-25,26.371071430397482,7.209550678639445,-7.6153095546183405,19.411423435013734
2000-09-26,26.867401463490822,7.207610853989877,-8.59774153565756,17.98016522616479
2000-09-27,26.636738982329295,6.556724115804327,-7.883622648334364,17.74228432814465
2000-09-28,25.914550122453743,7.872577094900498,-7.481968041620187,17.83372663023028
2000-09-29,27.979109582464293,6.835166880995874,-7.688484682673956,18.52516114581983
2000-09-30,29.029875647257676,6.861418176757492,-7.835113373185503,17.31219933415246
2000-10-01,27.9580662234447,5.060259477102874,-9.401869678253334,17.62143025713101
2000-10-02,26.343313314861163,5.9075555388408425,-10.24991974751522,17.43303005800824
2000-10-03,27.330075642019366,5.687771015627143,-10.920003544843773,15.157811134078107
2000-10-04,28.632867861855402,5.767917811613227,-10.820910503846989,15.801644720469136
2000-10-05,28.224565125169693,5.00230630205729,-11.280960135685161,18.605992091982248
2000-10-06,26.96156952005287,5.748701341643039,-10.708200830339914,18.527310669133072
2000-10-07,25.896330984086955,7.3156385847047725,-11.846782137501227,19.52140445234902
2000-10-08,25.289221176793966,6.625267795094405,-12.021112365851703,20.25691255913644
2000-10-09,25.70053778211891,6.547276619349412,-12.392800614275679,19.816765933142733
2000-10-10,23.219124244207322,5.696497877897716,-14.215881846570317,19.09821788312784
2000-10-11,25.10084998740696,2.9944652590570904,-15.398298531122522,19.193165626211282
2000-10-12,24.06078262172572,4.098366343175451,-17.162465923515338,17.874986010263754
2000-10-13,26.471014766954614,3.677122922420787,-16.9859558417138,18.63997535646882
2000-10-14,26.656687540498975,2.4215374190034265,-16.669384599409234,16.505950333034345
2000-10-15,26.376107126111766,2.826044380496642,-16.064632044261298,15.77784462010528
2000-10-16,27.417679733008384,2.6212116660111073,-15.681986155577551,15.646669164997354
2000-10-17,29.298395746824674,3.288140957911095,-15.170941026837886,16.611593141559094
2000-10-18,28.876689110088865,3.9897240651493955,-16.26710890970543,17.526758689143783
2000-10-19,28.704885408983348,3.575522876973573,-15.495600560899076,18.280454535494837
2000-10-20,29.41375603985989,3.570922678416352,-15.78993253816002,20.222555878138817
2000-10-21,28.664733876541387,2.672048399385825,-16.169399666231254,20.346429852447613
2000-10-22,27.924847554226094,3.180381215602266,-16.90359891551057,18.582489072110448
2000-10-23,25.92745004418911,2.6959988698476893,-17.42812322799716,17.724280417397708
2000-10-24,25.78526820230214,1.4484181101454172,-18.12455702017288,17.16926684965707
2000-10-25,23.466220946920316,2.2271098356101557,-17.747521794003696,17.109159412833506
2000-10-26,23.115160684353032,2.9070029196383023,-17.281780882542883,15.54829174210144
2000-10-27,22.724945553935523,2.5986716918404795,-17.669184008889705,16.528447800406173
2000-10-28,23.41366563508197,2.464283245625251,-17.225835139878704,16.334126384455313
2000-10-29,26.263006923048376,3.953260645783264,-17.180597311846814,15.835334352332781
2000-10-30,26.76657716710452,3.99615756250244,-17.280611932885396,16.12552090595929
2000-10-31,28.111129953981205,3.9354817357093395,-16.19189223101366,17.999925427432284
2000-11-01,28.947816931098945,3.748258558684993,-16.44169439328985,18.06067141947681
2000-11-02,27.71606160414017,3.662701955966479,-13.225449130798527,18.62674146657433
2000-11-03,29.663135425223736,3.1036209456156527,-12.516893960816553,18.557973393495708
2000-11-04,28.864382062521113,4.095167534960109,-13.167895695164086,18.90671321405384
2000-11-05,29.86316909005834,6.019279971815985,-11.725147376970734,17.843390818551246
2000-11-06,30.6504903721816,6.078052291473711,-10.157025918607927,19.10322420880808
2000-11-07,30.65690646080551,4.214677040994551,-11.217514413360828,18.389498561016566
2000-11-08,30.94615765429251,3.659439771739055,-12.675036246965254,17.61021238945145
2000-11-09,31.21154604082163,3.9380498439426646,-12.171349836683703,17.736878656345297
2000-11-10,30.933917743786104,4.896113122587709,-12.431557956047277,18.978910906536218
2000-11-11,30.096489427755614,6.287096902963347,-12.898575538805035,19.009999158548023
2000-11-12,30.206584445012304,5.930401115103885,-13.713009475252017,18.733790005913626
2000-11-13,30.698359445242513,5.373554210269852,-13.009344750764441,17.38766589723909
2000-11-14,32.50117964805539,4.970675818479503,-13.725749931606089,17.878195946728674
2000-11-15,32.16870495688666,4.743505051568162,-13.421491473427503,17.505463121531246
2000-11-16,32.28253310266646,5.0959750860455575,-14.334176383952693,18.26182683204972
2000-11-17,32.65152209079661,3.6217701467035885,-15.253906861205662,18.630212448761657
2000-11-18,30.968239708555053,4.145731181504736,-16.01548894000266,19.600217297253266
2000-11-19,30.357295409590467,4.708548659905922,-15.585901029691872,19.144542688813612
2000-11-20,30.151347216683938,4.3386691081053925,-14.031082840638085,19.55013699432523
2000-11-21,29.91767917824447,4.3017676683428885,-14.934328848354053,18.874161909495104
2000-11-22,30.48334768477968,4.679274291163411,-14.6566580197784,19.834802312876658
2000-11-23,30.287259120100416,5.766042526746567,-13.840368489412006,19.226007943372636
2000-11-24,30.46258671612831,5.45636648674622,-14.086530928104416,20.20708935292573
2000-11-25,29.750670567034266,5.506299597435184,-13.971898318350144,17.926939411267966
2000-11-26,28.314161808151532,5.4167856928036535,-13.16692533715882,16.87000102908792
2000-11-27,28.083207248554142,4.456498584920182,-12.035244523799715,15.30963483522292
2000-11-28,27.010388323094247,3.413370991121919,-11.72452740978342,14.422424262637982
2000-11-29,27.23972077650027,4.500642946390709,-11.7211555416713,14.427372837656975
2000-11-30,29.433024938594823,3.5579265175702584,-13.13287671968962,13.04166000703587
2000-12-01,28.652593141494933,4.207018641856151,-12.913555116920579,12.052226824763732
2000-12-02,27.99717797455518,5.462283975002997,-11.901368576496397,12.152845822756523
2000-12-03,27.940131969703803,3.982099120749252,-10.81025894574814,12.051455594156517
2000-12-04,28.922290947257135,2.9053385099525233,-11.270399840013088,10.930558609669559
2000-12-05,29.988483157440164,4.294513977042379,-10.834662300093548,10.253916798386111
2000-12-06,30.32855259685331,6.60200552691297,-11.593805414937892,11.019452002858511
2000-12-07,30.695979661645183,7.66237680426111,-11.994892912861406,10.336856745185749
2000-12-08,29.419180156424837,6.645587065913389,-12.730297547470615,9.624661524501851
2000-12-09,28.78477884903854,6.788681353895915,-11.77546774300777,8.144776782956185
2000-12-10,30.5094641068753,5.8861290042241174,-10.590366177305736,7.088638069558795
2000-12-11,30.31365028441975,5.336567881679305,-10.915202828335163,8.307442777874412
2000-12-12,30.79653898400217,5.576410067067601,-10.49764027165562,9.61970103632251
2000-12-13,30.588373439269564,5.715851928393238,-11.54713673555082,10.43185315970151
2000-12-14,30.95390182483932,7.1461635074125835,-11.37057057507811,9.95563701095437
2000-12-15,30.53123817186508,5.851069456238296,-11.13331362411512,8.75007049190285
2000-12-16,28.20888119086387,5.610037624287634,-12.176525447534418,8.75464944738637
2000-12-17,27.101713701476278,5.856736550222861,-11.609697112496368,8.191197452702687
2000-12-18,25.980600386213702,6.447523160511992,-12.171985052417732,7.781606734513886
2000-12-19,24.065182643809965,4.289691868369989,-13.107236661972657,8.207769490667271
2000-12-20,23.81377970873388,4.318871263338092,-13.013488623085447,8.696173546596068
2000-12-21,24.708829345092983,3.452679555605078,-11.894751188163621,10.51142121118199
2000-12-22,26.2430649491848,2.9639577092283607,-11.721233306999244,9.768834363146999
2000-12-23,26.595812032394207,4.334996532110687,-12.856978715503201,9.96981067960987
2000-12-24,26.336114316510805,3.3003574392674135,-12.247508779094398,8.630166981859295
2000-12-25,27.166589911932036,4.074946009004658,-12.248058328635643,8.907814188592667
2000-12-26,28.12741604414386,4.0276093595849485,-13.25581682788539,8.73554126488028
2000-12-27,29.058061165769388,5.263533766633916,-15.172789335443632,10.376213835605475
2000-12-28,28.828800638575448,5.487753160415497,-14.664738704989164,9.581832499270243
2000-12-29,27.373173174519472,6.054931566611693,-15.82273684715569,9.56662977108834
2000-12-30,27.16684630074983,6.623526044869925,-15.884795425943432,10.057254147091033
2000-12-31,28.797608601927433,5.218821294657602,-15.76165304345487,10.104148310680145
2001-01-01,28.379826086172173,4.819613750736291,-15.579313660741063,9.245639382624603
2001-01-02,28.130162244802836,5.137390756462802,-14.89231519896906,9.425904848363563
2001-01-03,27.657197921129075,5.682143991019274,-16.55620298430341,10.721550850551514
2001-01-04,29.232392150199587,5.787853457134052,-16.14194897621281,9.932006125021452
2001-01-05,28.997265696655422,4.903296557836011,-15.956923123508565,9.468686576260296
2001-01-06,27.879873976460985,4.658075403994368,-15.505021140305558,10.06315213145169
2001-01-07,28.238007847714897,3.1207085310710942,-14.745187350671134,8.955870367217065
2001-01-08,27.357703843580477,4.664667298284302,-15.355364385335914,7.681615857496389
2001-01-09,26.39750341420243,4.02050478191463,-13.15809060761266,5.341173183694119
2001-01-10,25.08026362060949,3.1225666023727885,-13.872533866666332,5.354641887924488
2001-01-11,24.889009289995418,1.454632600905522,-13.407137220536388,3.06044144444504
2001-01-12,23.671489226037707,3.20968423697809,-12.376816372242631,4.047960195389437
2001-01-13,24.19526760493398,1.6364730569629027,-15.414369738366585,5.496753831997298
2001-01-14,24.196801042227737,0.49912820726626617,-15.862123682063142,4.03147985826298
2001-01-15,24.83458040000428,1.3573733321700578,-15.47273469603355,3.417014139382103
2001-01-16,24.453909695712017,-0.6455694850858873,-17.050852798642318,2.0861267820461706
2001-01-17,23.44822860006542,-1.2417612220080487,-18.7515250667247,0.7703511800164491
2001-01-18,22.84898025132114,-0.4294621491592402,-19.325038479059195,0.8012386107415633
2001-01-19,21.870577432776727,0.8029416986516765,-18.620058906231197,1.0006967376091187
2001-01-20,19.93774630186205,0.23781973632678444,-17.084381653440538,1.2598690345960382
2001-01-21,21.617110114394897,0.77089016384235,-18.429661611987108,3.318225900981811
2001-01-22,21.242141166731244,1.478973225812322,-19.868406078771496,4.313291707807732
2001-01-23,22.18687813415463,0.08756176979968111,-18.71061021448618,4.543812926651906
2001-01-24,23.553606324927394,-0.30945302091610455,-17.721500959876753,2.8709349603533756
2001-01-25,24.980075386609375,-0.3979992382366079,-17.012085947290412,1.6081720941253135
2001-01-26,23.75262375152464,-1.7070543150103883,-17.809479279872527,2.1206669639897147
2001-01-27,23.642888606891507,-1.5596368098413496,-18.03828471923132,2.067310737165662
2001-01-28,23.004090457221004,-0.7692352939375077,-18.113070414119182,0.751202493175315
2001-01-29,24.6815503381377,-0.7292285333361634,-18.9369670819753,-1.2479504533604522
2001-01-30,24.72016860581751,-0.4392105445926955,-17.894004462528855,-0.22298632056428125
2001-01-31,24.992880722988424,-0.5096988645406737,-18.649024655570535,0.6939297415740296
2001-02-01,24.272771317612026,-0.9442895722477012,-18.432594832691194,2.5289866800923555
2001-02-02,25.58764048147653,-2.6434153399524436,-18.59406398278245,2.367425148573179
2001-02-03,25.67826061372936,-3.569597538420814,-18.532466549863155,3.410517836407485
2001-02-04,26.28468286052213,-1.8929798223985315,-16.399474768020077,3.454385738424399
2001-02-05,27.116822539190522,-1.005840016283472,-17.29862564772228,5.188984138298071
2001-02-06,28.622559527993623,-2.4543870944543524,-16.946259241331965,5.666591786651086
2001-02-07,29.067797361471886,-4.2405941732355235,-17.793815176842333,5.4354740456079815
2001-02-08,29.18200828429623,-4.475094401708453,-16.595851148803654,4.108645088323339
2001-02-09,28.472994155974558,-4.844201699650906,-15.593528561810764,2.741750765942978
2001-02-10,28.732162934040318,-6.091821881789789,-14.04350087782984,2.0499698460010616
2001-02-11,29.663876863434773,-5.97443020944256,-13.027664342775127,1.9791111448712384
2001-02-12,30.31230553952182,-6.362039110986079,-12.190750534856434,1.1073692765949663
2001-02-13,28.542862832188995,-6.262805995197073,-12.30971594086078,2.6597126021407798
2001-02-14,28.99296916088255,-8.479404300902353,-11.931695248518459,2.14367587645328
2001-02-15,28.606763986951755,-8.565242312764777,-11.675324901759083,2.1358586123117895
2001-02-16,29.251468468814682,-8.378894267917252,-11.189116490116561,0.5734732232590878
2001-02-17,29.671291114244966,-8.233748072879411,-10.398703392189162,-0.2526361359612185
2001-02-18,29.230940096616113,-8.338591232064687,-11.013487218129232,-0.14234214522087557
2001-02-19,28.730919039968583,-10.098937713553276,-13.693101743426274,-1.6961454986384257
2001-02-20,28.03176871206073,-10.07389996927444,-13.921546627707032,-3.525542501462381
2001-02-21,27.657086592652668,-9.015675203149891,-12.6190548005846,-4.62582955995467
2001-02-22,27.869015573034055,-8.898961981868924,-11.910943695695387,-4.611137430037943
2001-02-23,28.581284084177383,-8.659255228026348,-11.362815561033031,-4.0716399131357965
2001-02-24,27.83664459667947,-8.468559100784763,-10.613112851573433,-4.562658376850097
2001-02-25,28.300071527420926,-7.337986341847269,-12.077588834008997,-4.497147787655476
2001-02-26,27.25386654677583,-7.626601776375343,-12.221500280778333,-5.239355871430341
2001-02-27,25.975304564551866,-8.162676773573994,-12.43588594992163,-6.527182736373336
2001-02-28,27.34267326028746,-7.628715914537332,-12.44682323776167,-7.466397792445316
2001-03-01,27.80521755654434,-8.0203248041035,-12.000948084478008,-7.668372853783832
2001-03-02,28.04774126329343,-9.191912608255446,-14.696957554216732,-7.609749748200384
2001-03-03,30.04260412688704,-11.234946451195487,-14.463392343087554,-6.89565509815953
2001-03-04,28.824280872414132,-10.677520197285421,-14.695910542955396,-7.845231570338027
2001-03-05,28.430142521796736,-12.08039837380705,-13.90296206345371,-8.823000588292672
2001-03-06,28.440877650739495,-11.791984716673557,-14.26790717468246,-10.286535646465131
2001-03-07,28.036846010783446,-11.682781670605106,-14.895940338886053,-10.887339732612848
2001-03-08,28.21789235638215,-10.839000853262881,-14.989193357444005,-11.787214930360182
2001-03-09,27.39053988986552,-11.547109029744089,-13.723415036277197,-13.467341680077427
2001-03-10,28.7187021517251,-11.301698212840128,-13.242429409494683,-13.734271917581287
2001-03-11,30.195008159626273,-12.080234989759155,-12.30385819396077,-13.723898788845057
2001-03-12,27.71597240424622,-12.787548161124851,-12.684032649327033,-13.27939921232298
2001-03-13,28.935826795674842,-14.776741412723606,-13.234409532744982,-12.075436844307802
2001-03-14,29.192672744217216,-13.591213731306464,-12.60585393067898,-10.97327146658381
2001-03-15,30.638464435392674,-14.343560846216024,-12.807445614852774,-9.874989296559049
2001-03-16,30.49507677776128,-12.435810171588907,-12.3138878128609,-11.738237764018303
2001-03-17,27.952700617028697,-11.941496163120146,-13.437008914557113,-11.584393308589902
2001-03-18,29.769440876864063,-11.00947306404369,-10.86893811952049,-11.334824354527228
2001-03-19,28.926227988813004,-10.275309277327395,-12.168237413455689,-10.547351325345678
2001-03-20,28.974940868112807,-10.76583032260763,-11.627332803409848,-9.191589839583079
2001-03-21,31.38978028622493,-11.079017866576613,-11.696521866974052,-8.440397021980306
2001-03-22,31.98217977062966,-13.545211123419225,-9.486702481715714,-9.123601922175167
2001-03-23,32.62746768799353,-14.709173078657294,-9.965078051465344,-8.163657874511465
2001-03-24,33.158479451160645,-16.030354076006006,-9.965589528180557,-7.618193050035961
2001-03-25,32.41228193703226,-16.22204492984918,-9.88004248123922,-8.326690524945104
2001-03-26,33.57705452994572,-16.8349571019209,-11.160860671288162,-8.438542845482884
2001-03-27,32.985597433456356,-17.03770672603933,-12.063987719072912,-8.47176564622253
2001-03-28,33.37710786486585,-16.458499344226524,-13.27694413014941,-7.071598356147403
2001-03-29,32.66346084387836,-16.869573382296057,-12.021992057564896,-5.880191992854213
2001-03-30,32.25745833127427,-16.690385417186857,-11.53812527205659,-5.084625604662761
2001-03-31,31.706204017444364,-16.136245205435937,-10.794402457690351,-4.753543994314479
2001-04-01,32.59841576519769,-14.776063032578353,-11.517731263782563,-5.803198826461653
2001-04-02,33.97253793315057,-14.0348053498235,-10.678173925546751,-6.599976349917365
2001-04-03,34.46810102916078,-12.90602572088892,-11.233109434068664,-5.87001518543968
2001-04-04,33.708341971530224,-12.843155609796158,-10.163673222690946,-5.754496803042537
2001-04-05,34.31224353867926,-13.495944396103265,-11.48426815304743,-5.679430942813577
2001-04-06,35.0460795608052,-12.627711626679265,-10.57388304180531,-5.28186133489309
2001-04-07,34.824884703787845,-13.884997134891604,-9.002083995927606,-7.458920353350039
2001-04-08,35.43348738745993,-13.688363273701217,-7.445915270685086,-7.2536647605721685
2001-04-09,34.40436536327912,-13.098502513875875,-9.511141184300651,-6.604793235487585
2001-04-10,34.83730687485231,-14.954099902353446,-8.909924454719892,-7.865675793401007
2001-04-11,33.76561853629321,-14.639101143997081,-8.267997195708597,-7.8094975031603635
2001-04-12,34.00770488490167,-13.480938840883281,-6.43247489565463,-6.800263521828936
2001-04-13,33.502508013307995,-11.982420796697538,-7.057875221890701,-8.120715335541849
2001-04-14,34.46796316493117,-12.05094549017291,-8.169502161897974,-8.614885310600904
2001-04-15,35.96751615446744,-10.772241085010778,-7.508898666478329,-7.387690671794827
2001-04-16,37.15803776286663,-10.288131632140677,-7.4610622812519996,-8.893688121571088
2001-04-17,36.106573065219884,-10.764575646664182,-8.316936387565256,-10.533483345541063
2001-04-18,36.16415178016653,-10.621633481746684,-7.260539259192062,-11.929349268117715
2001-04-19,36.893662640299496,-10.734495910034077,-8.156993292627309,-10.431091666720476
2001-04-20,34.7962163301416,-11.208626977877389,-6.9676601982073345,-10.077730803007448
2001-04-21,35.412486362263955,-9.360180352615801,-7.842038109287225,-9.12988133392409
2001-04-22,35.95219515206256,-9.238925594662703,-8.490193075566939,-7.603341121033215
2001-04-23,34.93613517936219,-9.721442874557054,-8.418632443342208,-9.689660628137098
2001-04-24,36.353406116799555,-9.38669955494132,-10.841144224989351,-10.266073841216603
2001-04-25,37.39069173191045,-9.294998310007745,-11.851723139462827,-10.204451748532719
2001-04-26,37.46949466005005,-9.113549366309256,-11.227533031142992,-12.601378163641895
2001-04-27,37.49260703411466,-9.243294145942828,-11.581894292671498,-12.247426342181619
2001-04-28,36.035861248961204,-8.935407182866525,-12.765992095573406,-12.233613974851579
2001-04-29,37.61128660974571,-7.134391098997209,-11.556248325574893,-13.17541563390817
2001-04-30,36.913356431039965,-7.389253760905926,-11.221124319969787,-12.994593748302893
2001-05-01,36.95086917770582,-7.374984948848052,-10.631220447937825,-12.056672232096036
2001-05-02,36.418461618803946,-8.236541224792013,-10.018642454887226,-12.178454724691257
2001-05-03,37.78084360007159,-9.79193157778191,-10.45747866690477,-12.995376261317091
2001-05-04,39.20887835258372,-10.951413934437493,-12.750993852543932,-11.43845564975492
2001-05-05,40.29028067458353,-9.264346580251898,-11.988779760902034,-11.71645644446009
2001-05-06,40.647694648616735,-9.349981757803041,-11.634540523709543,-10.531058113737052
2001-05-07,41.32373125287244,-8.142431668860567,-12.578523452358315,-10.654392050059498
2001-05-08,41.87077811170886,-6.5457414347505205,-11.96906700556089,-10.52599185470264
2001-05-09,42.56033889144629,-6.392617119311284,-12.008593991722291,-9.337389022202116
2001-05-10,42.2706808234834,-6.00648783966333,-11.979686278346161,-10.079046368542839
2001-05-11,43.458158200055976,-4.288699671141053,-12.173873331174299,-10.662199804326333
2001-05-12,42.43627976276998,-4.109048293468551,-11.009535966671951,-10.993256336154271
2001-05-13,42.62393089816254,-3.7284447249782633,-11.316733864508757,-11.777184468735193
2001-05-14,41.671901921188514,-3.7112070540291633,-11.897504679453803,-10.534929308922047
2001-05-15,43.353482505343564,-1.9387534061549239,-10.6211262462665,-11.40189795325627
2001-05-16,42.60011609626563,-3.1412103088809986,-9.94183004955426,-11.482312678622414
2001-05-17,42.17125636868254,-3.81546204584296,-10.170581986938759,-10.82785473812668
2001-05-18,40.74094398590815,-5.687950475300157,-10.18232419312017,-11.25376658714846
2001-05-19,41.88487680044861,-5.803532096876947,-10.642505458297892,-10.905119146863735
2001-05-20,43.72713032273562,-4.970082893354655,-11.34206689653044,-8.651144041497028
2001-05-21,44.456881748481386,-4.9367797057139855,-10.809595009150415,-7.4551343822719796
2001-05-22,45.17175129758836,-4.280561330665273,-9.704204824210802,-7.456705969797291
2001-05-23,45.16989451101019,-4.564295929746379,-9.166800457810494,-7.922010584066852
2001-05-24,44.76493072450185,-4.648596803249462,-10.257461799190931,-9.536940938931803
2001-05-25,46.327808718897614,-4.520502261651727,-9.24616883664767,-8.708246333186809
2001-05-26,46.254550621069,-4.3645337231901955,-9.626607639582755,-8.326558941779542
2001-05-27,45.18424210367216,-2.43587040331014,-9.240338447272409,-8.690085110653825
2001-05-28,43.912454527670214,-1.41854976953682,-8.891280940038115,-6.805115479401376
2001-05-29,44.03744732239158,0.3327191578428017,-9.386906180984282,-5.520327958604549
2001-05-30,46.036205925618276,0.8798075797614672,-10.736956350751134,-4.960046813946711
2001-05-31,45.14322031445531,1.1446622976888883,-13.032887018175177,-6.243754603577658
2001-06-01,44.3124212480366,2.010188125764551,-12.675487286602658,-4.63441819234186
2001-06-02,45.63651748205663,0.8837435566146967,-13.922492646274222,-5.228090914490738
2001-06-03,44.39074208601029,0.9938479906745703,-14.953888095789926,-3.782812160180468
2001-06-04,44.169209455815434,0.893025454043222,-15.140383313254311,-2.491734087471065
2001-06-05,44.66914308226369,1.3368770539856714,-15.089738877076046,-1.1977840212934194
2001-06-06,43.913457692184686,1.4283891533004558,-15.243718144813249,-1.6776941407460917
2001-06-07,42.84372890670849,0.7679907847947114,-13.823193422242666,0.4316434265600295
2001-06-08,42.30007096488892,-1.0403997087152803,-11.448519779062273,-0.24853313985498615
2001-06-09,43.776236587652,-1.3852048437971938,-11.805621485844316,0.9721757881517576
2001-06-10,44.00761266758267,-2.068165411595735,-10.86261388816868,2.754128459749844
2001-06-11,42.579985035501245,-2.61109922787325,-11.10022977510139,3.706634678504369
2001-06-12,42.65229921682972,-2.897732054515335,-10.783358032022862,4.938746121372516
2001-06-13,43.093524868643804,-1.3843099247025146,-11.407581131263022,4.086779143750892
2001-06-14,43.584290717082624,-0.5795988576851802,-11.453782751322025,2.738175931201983
2001-06-15,42.92613062996299,-0.14624177500133562,-10.323941659240749,2.718184409451475
2001-06-16,42.33020059451674,0.781076334937387,-11.649276017231387,2.829121322661601
2001-06-17,41.04861289195286,0.3201475593885839,-13.36756938568698,2.739356300837546
2001-06-18,40.96517824458954,2.0237518364127487,-13.639487113045895,2.79883611633411
2001-06-19,42.72972539401089,1.5660706524959336,-13.468123715977292,2.2201164385379357
2001-06-20,43.891475541171914,1.7628623187425374,-13.259660969713373,3.476634962010329
2001-06-21,42.34569075414337,3.4276632586404743,-13.482731522573651,4.764425642836636
2001-06-22,41.95877544455937,3.6499877925284006,-14.652524243248374,5.7566392684460945
2001-06-23,41.77090822841946,4.503236894780984,-15.475401618694113,6.21295607463158
2001-06-24,41.679843142745014,5.450946633183651,-14.42528663894008,7.21493987665913
2001-06-25,42.695846467808366,5.512422160285795,-15.032789159008257,6.613430015640279
2001-06-26,43.055106530181476,6.264029776236804,-15.573071829337739,5.445940803960983
2001-06-27,41.32386981110135,6.438974430501652,-16.702853038016187,4.921439240975496
2001-06-28,41.916606627100336,6.735538888960166,-18.084494462747237,6.096159474127495
2001-06-29,39.78089544781512,6.520195810938285,-19.276876775721917,5.846403146780547
2001-06-30,41.43971516686013,5.264354820928599,-19.484730842146362,4.1091259467576045
2001-07-01,44.0339375903377,3.162626907509451,-19.580560666984354,5.311521405081199
2001-07-02,44.718293665589314,-0.2427782010308719,-21.134972577676145,7.089628973198723
2001-07-03,42.56323569625779,0.4655192499785532,-23.51114065953023,6.617228468943097
2001-07-04,42.395824595106575,-0.37472988672478547,-24.388561310133454,6.154514691010357
2001-07-05,43.11910792129749,0.9214943683855832,-26.164074901456612,6.243069209531584
2001-07-06,41.87220809636865,1.692786876328614,-27.076291086536592,6.390244200899199
2001-07-07,42.15719972775612,0.30093677156786036,-27.517337118333774,5.9279117154238286
2001-07-08,42.340863167547,0.4029357921141782,-27.74238140005739,5.073916660664046
2001-07-09,41.332684448340885,1.6308538619533888,-25.937830214932653,4.11829707194953
2001-07-10,41.716029439537046,0.6702274628975423,-25.2971457957652,3.94120360758013
2001-07-11,43.33330258967912,1.2044065253640883,-24.553539296868156,2.887021310623835
2001-07-12,43.41409168929457,-0.06852124918817015,-25.63221335466953,4.626387088800496
2001-07-13,43.13153218852018,-2.0840705016155736,-24.806962998259863,5.880955071283291
2001-07-14,41.860530651224046,-1.5482206408361237,-23.339712775988627,4.489787475223453
2001-07-15,41.90655871603744,-0.5208825158955197,-24.24959936177085,3.9790956148601593
2001-07-16,41.55138114924251,-1.760804452662343,-25.002189684816752,4.042697775505137
2001-07-17,41.70708552402125,-2.0058330194451184,-24.77353715431339,3.4535722233488784
2001-07-18,41.856087994466755,-1.9250306546850038,-23.40869674620913,2.576081681859034
2001-07-19,42.81733072958248,-1.7793122807084827,-22.26863246367023,3.098954077397212
2001-07-20,42.95956848691455,-2.1840351532875033,-21.594705484567093,2.199606081795948
2001-07-21,41.50057581530439,-2.116258886447594,-21.531764774086845,3.060145852951105
2001-07-22,40.78091775876576,-1.8104597265932099,-23.815988430409075,3.637342606775825
2001-07-23,42.53022068949167,-0.7527085192251823,-24.83704057648834,3.6494148983050296
2001-07-24,44.02288942954876,-1.9044634149073025,-26.445957671171428,5.138243869354373
2001-07-25,42.872637185149856,-2.7251424265655997,-26.88573736229556,6.771502140235253
2001-07-26,43.62017063111695,-2.9277357297932096,-26.781373548675884,8.329831955303948
2001-07-27,44.09556460392791,-3.177388104301304,-25.559918544495748,8.553442724984212
2001-07-28,44.14934815154832,-3.5564746936913365,-26.299008443450514,9.784486638002125
2001-07-29,46.3856162564002,-4.5061901989077855,-26.29535195896024,11.477074411141512
2001-07-30,45.21193129656913,-3.4845787209802133,-25.64142755201488,11.345724177148403
2001-07-31,45.50281711282338,-3.4131551069243318,-24.483816225940473,11.240217545050115
2001-08-01,46.02798393505798,-4.395503106218179,-25.98660015424375,9.925128785520073
2001-08-02,46.16801641184112,-3.530365712298213,-26.07744702833854,9.606874472438612
2001-08-03,46.676311343249445,-3.5083639948308263,-24.182734310194192,9.52591297190391
2001-08-04,46.05359529049482,-5.574696726403035,-22.83198879625054,8.330330481254816
2001-08-05,47.287662888822595,-6.092713990906914,-22.606905006815943,8.867422230685422
2001-08-06,48.03797342079164,-6.005969772375262,-22.788925220422286,8.778338698519194
2001-08-07,47.789466445413765,-5.695188761983234,-20.96441449944315,8.615475842222203
2001-08-08,50.92566267325811,-5.747368789636769,-19.735530887769535,8.239794981078399
2001-08-09,51.52115496311442,-3.298837157386231,-18.511926040357125,8.603166334578605
2001-08-10,51.76658431963387,-1.6363966892465793,-17.947734582045612,8.3385460848009
2001-08-11,53.50801905503409,-1.1237941069401733,-17.803010674271636,8.038265293839713
2001-08-12,52.95043575758577,-1.153098951266937,-17.81773011895601,8.18323943808523
2001-08-13,52.45693975365239,-2.6945940640322696,-17.359680535326856,8.268900833771951
2001-08-14,52.585553808558494,-2.2636900903121657,-17.60111598422365,8.960663936397902
2001-08-15,53.32756553888507,-0.8149470254797975,-17.793491471879367,7.009990489395108
2001-08-16,53.84761026430069,1.189151931211983,-17.843497354375405,7.68613548757801
2001-08-17,54.509982461338076,-0.7438065139871324,-17.014784382295055,7.180667332233731
2001-08-18,55.48934777493821,-0.45939013115112576,-16.33176164789096,7.888666373247281
2001-08-19,52.87592661346851,0.8974858798757035,-16.020318781352618,7.492548845849193
2001-08-20,52.0501318955464,0.6266951590313294,-15.895146136616704,8.519458231885379
2001-08-21,50.86243230387481,0.17790144490315563,-17.457237605571112,7.246064150154222
2001-08-22,50.09845727420761,0.12493497797294714,-17.513730456927956,5.797637904053448
2001-08-23,49.38140878862465,1.401217387938122,-19.199153527175042,5.202586872819612
2001-08-24,47.65165507943678,0.5677716499373116,-19.062723614033914,5.890766668813262
2001-08-25,48.75486573434862,1.0739827582963195,-20.80738017807882,5.101496135479839
2001-08-26,47.593365286541875,0.28185066481864873,-21.443065207143682,4.883368811383291
2001-08-27,47.34776511376726,-0.8318171531757101,-22.8034676041533,5.592868142295941
2001-08-28,46.88815020999015,-1.5784007459284255,-23.855225478472992,5.892182430507777
2001-08-29,46.67226919829423,-1.485809409031118,-24.51677871946239,5.241706108772254
2001-08-30,47.5576896860306,1.639535147436705,-25.64026371346509,5.3428816277985955
2001-08-31,49.53482286741482,3.3546585545814795,-27.315294344801057,5.470070447444513
2001-09-01,51.1646325481991,2.3250626443739137,-28.358166965243118,6.4019458127869555
2001-09-02,50.22197366597136,2.5057733786087213,-28.085038035179014,4.746126315584682
2001-09-03,52.69500439454337,0.47170298074676564,-28.79431902205653,4.831334203758983
2001-09-04,53.020915131173574,0.7285354414364131,-27.313729392094913,3.969152953605445
2001-09-05,52.11264596424115,1.5875825274623532,-27.951285515472453,4.759802928572635
2001-09-06,54.139865059776696,1.582219749756536,-28.80332291676661,2.612311006531982
2001-09-07,54.430758831965505,1.0876778137568528,-32.73199978969909,2.7995759891841487
2001-09-08,54.74082868874946,0.12685441326417368,-34.84445494327106,3.745635396984169
2001-09-09,55.77086676948206,0.30180272078057896,-34.50700036734299,3.3475632776062767
2001-09-10,56.82420180300746,-1.2431447198325323,-34.482395682368974,4.202586618353857
2001-09-11,57.92273180421302,-1.3810318641938615,-33.84243261255287,2.7849369679283074
2001-09-12,58.15828166963657,-2.8567769517937016,-34.87008525785415,2.3648833941931953
2001-09-13,58.856280223655816,-0.3377330464787054,-35.22814126662748,1.6544862847769992
2001-09-14,57.43273049209931,0.16016841849809227,-34.772039238020355,1.2196923832176614
2001-09-15,57.94167052125154,-1.8610933625869306,-35.648331561631174,1.6864998305371288
2001-09-16,59.37132512844168,-0.009223322400549128,-36.98321224434484,2.5433864109785653
2001-09-17,58.11783553549483,-0.683952126326513,-37.50994465190542,2.0364079541346913
2001-09-18,58.418643395674245,-0.5530649297931693,-36.64923816541758,3.369990019498808
2001-09-19,57.50818825989914,-1.3629748640938077,-38.31582293193464,3.2663374543275863
2001-09-20,55.52127348656165,-1.7393676381361671,-36.373299641195324,3.429879763650241
2001-09-21,57.731530063749155,-0.4331243646060303,-35.2031009802454,5.009321797877558
2001-09-22,57.471841987541126,-1.0151680869215465,-35.63534897547763,3.138409359093062
2001-09-23,57.61103966618496,1.4793030499751088,-36.56876792703903,1.4538897162792805
2001-09-24,57.49491746350149,2.1403277676311894,-36.769997713211104,1.4693657550506902
2001-09-25,58.19372955899554,2.6397977992706396,-36.99371793502571,0.5193462931491837
2001-09-26,58.6271732346061,0.7772624304264932,-36.64634721754237,1.3084413610513816
2001-09-27,58.56430782767956,1.4204558409897126,-36.824553328705164,0.3656410780187854
2001-09-28,58.17401450573484,0.9234666907689375,-38.32775007395936,-0.3195044051897812
2001-09-29,57.59472276553488,-0.7573148553054314,-39.46838169645721,-1.3040976737389132
2001-09-30,58.49819399305754,-0.5115150345554932,-38.65703259211024,-1.0640309567778394
2001-10-01,56.70585931976012,-1.787167694964392,-38.16027824939746,-1.9061307621562795
2001-10-02,56.02535125890614,-2.3385700400287037,-38.19252669324413,-2.396658709860241
2001-10-03,56.985032286449716,-2.5345174897516305,-39.04400777309289,-2.805490412348524
2001-10-04,56.43108764896721,-1.3348058560865779,-38.20755173661165,-4.809698869222242
2001-10-05,56.88678919121595,-3.2268839571697967,-37.23389652435998,-4.105231364896742
2001-10-06,57.193396247078226,-4.065940088146043,-38.819129202233675,-5.665638967741709
2001-10-07,56.38510934192016,-5.962600556841348,-38.663819605291174,-6.282034109212329
2001-10-08,56.84677676644516,-7.168527926505419,-40.03188736697772,-7.335334018731634
2001-10-09,55.376595893324605,-5.497915982067202,-39.97757814024299,-5.854975825246552
2001-10-10,55.63436840580516,-3.8517503527351447,-41.42591085157482,-6.016688673341136
2001-10-11,55.4578184343268,-3.8761779116019794,-42.39090559227712,-5.393789077422182
2001-10-12,56.408921641035484,-3.73645094413475,-41.82502679251911,-5.183414485249532
2001-10-13,56.194408263640874,-2.4119031542751053,-42.90856439735207,-5.62778100332066
2001-10-14,58.5599039211132,-2.8788476126647566,-43.1723493913576,-5.942297229221238
2001-10-15,59.60751330854045,-3.2504859670204507,-43.931949097090616,-7.841609925968665
2001-10-16,59.94558149089777,-3.960496298620357,-42.692517396007005,-6.004168759101914
2001-10-17,60.28786531742894,-3.323105998209576,-44.25478783520235,-5.524815015881146
2001-10-18,61.55865175301793,-2.3475336750105367,-44.731337992305356,-4.916073265799083
2001-10-19,60.5854456577776,-2.5347414037332436,-47.35573395137238,-3.962789333131515
2001-10-20,61.81209095415844,-1.933079722742062,-47.60651638725706,-5.876551494908156
2001-10-21,61.952106691742884,-2.137448654924161,-47.45918616420608,-4.921718474214841
2001-10-22,61.56786625282489,-1.9401333642022602,-48.354706157031835,-5.6641979206513
2001-10-23,61.54701353229636,-1.884226736538624,-47.170500400227965,-6.153634257041932
2001-10-24,61.00365653661428,-0.6250356158564045,-46.52058933850946,-7.675717719919794
2001-10-25,60.60859656325538,0.6517396055360829,-45.84234831971205,-7.85850168612966
2001-10-26,60.99848472299393,1.3601517351749886,-45.85438527969157,-9.844508983615608
2001-10-27,59.96488877981117,2.9475057372135796,-46.78132380885101,-10.964741005935068
2001-10-28,58.70297085662706,3.2935090118755976,-46.67423544112625,-10.157217804904656
2001-10-29,57.58011719736436,2.642303017950304,-47.21523918328672,-10.468330679941925
2001-10-30,57.98311740362746,1.0445032074436247,-47.49989571996371,-10.970942042708028
2001-10-31,56.82258883015502,1.6582465976168552,-46.75515614076143,-9.910888085360439
2001-11-01,55.38610915123222,3.9418156652832406,-45.80308716630037,-11.130975562547793
2001-11-02,55.12927304154692,2.5753444513260844,-45.7118377733708,-11.790405765987312
2001-11-03,56.292468683753256,3.9250254534981415,-45.82950975511658,-13.396763593609965
2001-11-04,57.63982669658882,3.0452732574742427,-47.17278024517368,-14.230807624925772
2001-11-05,57.65399805305765,3.4026296182952045,-47.09308025937564,-13.809508776364993
2001-11-06,56.80900023125636,2.6794091723857343,-47.10473501232663,-12.388785162032717
2001-11-07,57.0054397673892,3.9624184748774622,-48.183258450740844,-14.511253122961708
2001-11-08,55.78147059492518,4.359196505443122,-46.32158802345915,-15.539964780035508
2001-11-09,57.01803978117772,4.295223576568793,-46.220343278961224,-15.811670614422361
2001-11-10,57.6169162711058,4.9622241477305815,-47.231733096023135,-16.293152526467058
2001-11-11,58.03677484659409,4.381363319535145,-47.268735586053616,-16.252133825299882
2001-11-12,58.386014893899706,4.812976824136102,-49.509972224775865,-16.433066039547093
2001-11-13,59.76582275810402,3.184589970942727,-50.4102092609424,-17.2678722149688
2001-11-14,58.51039303582705,3.080253310418091,-49.7016714488768,-18.165451324680483
2001-11-15,58.41113341222102,2.8726519621954703,-51.30913226914578,-19.275574229812438
2001-11-16,58.56257111493191,5.224867143014778,-52.327954216183784,-20.054075909384206
2001-11-17,58.49540145234309,5.429963660374398,-51.81320539188182,-20.74875969621128
2001-11-18,58.6162721748651,6.309399772121316,-50.12193484572488,-20.59851508110837
2001-11-19,59.512036052201005,5.463325482070858,-50.93186183125212,-20.33892466071867
2001-11-20,58.32322573653196,6.843671762092305,-50.77792640541725,-22.462925567008835
2001-11-21,58.434264490856584,9.07931931398507,-48.66605506875364,-22.265237293965686
2001-11-22,57.957000261161284,9.61945833748672,-48.428810675274725,-23.786095177552884
2001-11-23,59.4659418621571,10.895992985491636,-47.181012102282274,-22.838813276918845
2001-11-24,60.262722635387355,11.599741054318185,-47.58773774253439,-22.848548271664264
2001-11-25,63.01984722440955,9.175236086845699,-48.19713798927659,-23.18398457648609
2001-11-26,63.5884148402693,9.496543229560837,-48.62458797940788,-24.14470842337784
2001-11-27,63.18881532884805,9.131957499014248,-48.325069050670216,-21.836349294915376
2001-11-28,63.02328278375821,8.137813587734684,-46.10759978617756,-22.290159519368697
2001-11-29,64.38917656894137,10.744584869793457,-46.67134586736289,-21.485775694252993
2001-11-30,64.13798640633433,10.886172477733576,-46.69715900072733,-22.798038209131978
2001-12-01,63.89082036331629,11.137762558255915,-47.45801864776948,-22.302942521566855
2001-12-02,64.12942470326396,12.83437599704342,-47.14185270433345,-23.235096233700578
2001-12-03,64.45923845984042,14.417880394409657,-46.1856433170172,-20.682496521639283
2001-12-04,63.96636183683536,15.326907249283982,-48.67810328213543,-20.73120130592038
2001-12-05,63.900290795901974,14.784527202953432,-48.654472014870066,-21.029366147797823
2001-12-06,64.57820923374719,15.398430379521448,-48.57412629586532,-21.36490439105609
2001-12-07,66.11941162216547,17.397532147989782,-48.810522316700315,-19.904131773191196
2001-12-08,66.64910367107754,15.246563344608294,-48.70027879875126,-21.278421110782528
2001-12-09,66.51963167560761,17.745749512278046,-48.839097859263205,-20.641379773217363
2001-12-10,64.85512316011071,18.440109537610546,-48.19424670356964,-19.10461861019637
2001-12-11,66.19410635113773,18.23304105249292,-48.178752832954714,-17.58987475884348
2001-12-12,65.00566633393991,18.377736143986695,-47.3305496726694,-18.24268766340508
2001-12-13,63.945274294973665,17.384998917174123,-47.775045270818715,-17.90816647680995
2001-12-14,64.39844302023214,18.498364431061596,-47.75579886897437,-18.985855722421608
2001-12-15,63.87688436246066,19.625847815322505,-47.666534683612056,-20.06988810232156
2001-12-16,63.63119939867237,17.850212137102474,-46.71386586808777,-20.145207015203724
2001-12-17,63.58622529288817,19.1142662913646,-48.1509415893925,-20.993294581873425
2001-12-18,62.75457349704532,18.142847595358536,-47.7333242444966,-22.06114271515991
2001-12-19,63.17157369180129,16.06802417837651,-48.893471405229576,-23.20682868618042
2001-12-20,63.044242554150465,17.995325004865393,-47.20003614580547,-22.620957709558322
2001-12-21,62.37637181942229,16.422979372447294,-45.570712447775975,-22.478503544481157
2001-12-22,63.66678536062163,15.856435377096842,-45.74433933583258,-22.688198969583063
2001-12-23,63.52036321961357,15.54878277640574,-46.59351488920839,-23.958202464793462
2001-12-24,65.35570691700053,14.934688366184561,-46.367552499621574,-23.337861392900965
2001-12-25,65.56392466102014,13.548012426361783,-45.00431135269979,-24.585779129596336
2001-12-26,67.06222262238616,12.223249759770384,-45.3754684274434,-25.467683241661245
2001-12-27,68.78252415075457,12.735383847616822,-46.1897912202169,-25.62287382612712
2001-12-28,69.42568394237495,12.80081974437394,-46.56077337559194,-24.039967970311103
2001-12-29,69.90126490131462,11.039246127849022,-45.40098240631706,-21.46469117318098
2001-12-30,68.80883543942562,10.406657112622929,-45.00246063775556,-21.006745052279616
2001-12-31,69.12152031303337,9.804914350481276,-43.620526358848856,-19.82110700702674
2002-01-01,70.7173130849683,8.921842056398521,-42.67275096257978,-21.217755579010856
2002-01-02,71.50573367746053,8.126070586745127,-44.45443895118659,-20.35445968093924
2002-01-03,70.91530368143833,8.439606306016422,-43.51151840011769,-20.111127274364165
2002-01-04,72.23612929427955,7.687303657792853,-45.042384690807815,-19.392322921303805
2002-01-05,73.16744838605308,7.442505545658213,-44.44941629990987,-21.45917663660297
2002-01-06,72.28351596045418,8.213580649901518,-43.77446878123556,-19.849946199927846
2002-01-07,71.64956469166987,7.706508163987381,-41.640750538520344,-20.74655973850344
2002-01-08,71.47848365615845,7.4757509624106255,-42.11343000766556,-20.21291171738892
2002-01-09,72.19196731940892,9.397127773734626,-42.749095947342795,-19.914385894609236
2002-01-10,71.69886070169986,8.439536203897763,-42.489421952341935,-20.23943768931681
2002-01-11,69.11464217397186,9.061425621486917,-42.69493531811529,-19.211536392037708
2002-01-12,68.72672364751526,9.850837119353102,-41.17118851661687,-19.09614267208988
2002-01-13,70.20954633562157,9.390974951327848,-40.84883200786919,-19.30170397192731
2002-01-14,70.59240364998372,11.035767351854085,-42.505674599576466,-19.827288115195284
2002-01-15,71.19149937956927,11.01069894991662,-43.044148867802605,-19.494666347033657
2002-01-16,70.80850782504844,12.49157283090837,-43.52013802150075,-20.23572103434359
2002-01-17,70.69901099694924,15.177300761869587,-43.467888171517224,-21.5523123936158
2002-01-18,71.12814967326266,14.87960681001583,-42.70974764617544,-21.12216062926785
2002-01-19,71.06289049354953,14.292112525528632,-42.93858056601012,-21.643344295169555
2002-01-20,71.26105560800545,16.57985550807297,-43.17545741772584,-20.93663789919396
2002-01-21,71.16167212627823,15.70359398636119,-42.45037664100586,-21.332978771282246
2002-01-22,69.58426383015947,15.179812635546515,-43.37776705365767,-21.17624661599463
2002-01-23,70.37389231689599,14.252035326071976,-42.99195184955836,-21.893113263339394
2002-01-24,71.28918594577546,15.91463114832097,-42.67975835723221,-22.379328970039843
2002-01-25,69.6770925531259,16.376732553480092,-43.09907088380474,-22.722921114618625
2002-01-26,71.40934569350142,16.274903804218987,-43.634262494232395,-22.703608618090822
2002-01-27,69.19214708013995,16.25085956446281,-43.09409483797159,-22.01798658822212
2002-01-28,70.90121186230205,15.188937234544532,-42.39894087237589,-20.16470306811893
2002-01-29,70.83983990724948,14.074302600704305,-44.074289037103526,-19.975581394414206
2002-01-30,71.61861773914643,13.883874092950874,-43.8736692172254,-20.01793942943347
2002-01-31,71.37369267317416,14.449498075959688,-41.91821135915939,-19.083073637421254
2002-02-01,71.0759932697333,13.97587830239856,-41.07498427514334,-18.825763138966483
2002-02-02,69.55440464610358,15.040807137649931,-42.07916227130219,-17.816916001697503
2002-02-03,68.99174995999913,15.019493127731183,-41.77348377201535,-18.725151380683428
2002-02-04,69.69453245504546,15.536522179177322,-42.356311061221625,-19.744338419140007
2002-02-05,70.03134557488002,18.43387578450321,-41.819714793807286,-20.022233980624474
2002-02-06,71.42785450240181,16.913769960942908,-39.99661804512781,-21.062648564567528
2002-02-07,71.63877147482913,17.645525296660917,-37.90986411541855,-21.347207701887264
2002-02-08,72.05564903241626,17.607462316664655,-37.0977477255976,-21.305989104493992
2002-02-09,72.23946506924851,17.376227832776927,-35.4365985450209,-21.61538329744434
2002-02-10,71.47691440369299,16.265039224852206,-35.43784842790894,-22.23274306021508
2002-02-11,73.34321535161989,16.480426988913518,-35.88970095349976,-22.059432349231425
2002-02-12,72.86098679860527,17.600062472531672,-35.02971368079871,-21.308322240191
2002-02-13,71.69855411693119,18.458906113499648,-34.778441149856384,-21.384151464335353
2002-02-14,71.8398056011295,18.883849124449377,-36.00070089608127,-20.367858601155294
2002-02-15,71.75225068828364,17.38713480710271,-34.76170458424153,-20.434161284447114
2002-02-16,72.04385551613295,16.812875038592036,-36.03273824488351,-21.578984002494586
2002-02-17,70.93532548022321,16.77982602137192,-35.50285594117724,-22.62580438425368
2002-02-18,70.81786893105034,16.18049379122724,-33.72574955804534,-22.22156000544007
2002-02-19,71.17594742527514,16.213125744366785,-35.30559707818174,-21.496081027044443
2002-02-20,70.12041530733433,16.59246193953166,-36.39283294153366,-21.95916228388658
2002-02-21,69.64811324689597,15.883932366842107,-36.986924093226854,-22.263168672537113
2002-02-22,70.23579232564101,15.744328041515695,-37.29098611495419,-23.455007600447964
2002-02-23,69.46300056837033,15.633805683615936,-37.03936846119561,-22.829154810067017
2002-02-24,71.17529822183349,16.851057553825218,-37.608848546296585,-24.439274025155168
2002-02-25,72.30862912820203,18.40527799844591,-35.471810722023086,-25.345782764205975
2002-02-26,72.13498149159976,18.914664361536083,-34.405833342406865,-25.45317840678071
2002-02-27,72.60084284553079,17.715208070827586,-33.723378090158604,-25.989593488890772
2002-02-28,71.82123802540815,16.188062414473674,-35.89369274819134,-25.8248253126098
2002-03-01,71.89770319399766,16.66395469237438,-37.14005532710718,-24.767982033324575
2002-03-02,71.45966423443932,15.713392244834937,-37.44889993428098,-23.29915475779978
2002-03-03,70.92842071392084,14.034795482687532,-38.14570774722303,-22.194075265393103
2002-03-04,72.94127267285917,13.029548379774987,-37.98285424600373,-21.375318372049207
2002-03-05,72.7511899525998,13.187805019030485,-36.21781024353724,-19.83095326955419
2002-03-06,73.63742687979018,13.41807547615734,-35.215388866598985,-18.776001327606764
2002-03-07,74.0250001460436,14.740898346951933,-35.68278054325899,-17.835577855165894
2002-03-08,73.0170175814712,15.073607373528052,-34.72108417336717,-18.10433481832786
2002-03-09,74.10244138097961,15.199886024777427,-35.20699173581355,-17.276458801434586
2002-03-10,73.24731161597423,15.2054573825592,-35.079196388267626,-18.752250807646515
2002-03-11,73.22754621513532,14.08758832515781,-34.72447839080084,-18.27392584513154
2002-03-12,73.01419911200352,13.315726746870753,-34.665518311109025,-17.90390191712384
2002-03-13,72.04050526798396,14.714853321653768,-34.66500966898285,-16.02396508746599
2002-03-14,72.2961070805499,14.021905883812682,-35.68730411569254,-17.082808555993022
2002-03-15,73.46749777268018,13.56171178886097,-35.943055153796564,-17.960168276623754
2002-03-16,73.11537399547385,12.285240531311299,-36.02768712865612,-18.101644932731567
2002-03-17,72.93408529892962,11.704386342161317,-35.016539060215116,-17.220408063534684
2002-03-18,73.03115237302335,12.23235582802695,-33.34299959170528,-16.37310157297588
2002-03-19,72.94987928809863,12.069454917572738,-32.9400453843722,-16.146007052380657
2002-03-20,74.27237070748993,10.187443914214857,-32.6755025635205,-14.945702061759734
2002-03-21,76.81571843912845,11.911764258437165,-32.41684799389823,-15.053499294692696
2002-03-22,76.87285284755184,12.622857046562261,-32.47834711886391,-14.907203532011424
2002-03-23,78.09446275923463,11.82500973827041,-31.05375918340891,-15.34779608174087
2002-03-24,80.32801374693386,11.75669007329742,-30.07209452656717,-16.401644041138333
2002-03-25,81.36010339376061,11.710845925990027,-30.141132972492567,-16.336363296051093
2002-03-26,81.26087147384159,11.055112525750317,-29.192028271539314,-15.035322694899413
2002-03-27,82.23398175979287,9.841357186820717,-28.248388452626397,-15.007672612905104
2002-03-28,83.57735840858308,12.310990896658513,-28.277045730099342,-12.91676686256706
2002-03-29,84.2399992604248,12.8449888221648,-28.825530336653173,-14.034301193736148
2002-03-30,84.26814566598358,11.563224430920744,-28.616567640309757,-14.584941542301173
2002-03-31,82.0736423041021,10.002713689536204,-28.25050969591822,-13.830138943901458
2002-04-01,80.3446507085669,9.347272260029388,-29.29669657305091,-14.074886163157664
2002-04-02,80.36030069348702,8.967481783552307,-30.334000570165347,-11.980779895953809
2002-04-03,80.24180969486267,8.521322419741288,-30.966978754002316,-11.464160236967176
2002-04-04,80.84238701463246,8.830309765941697,-31.79971971682344,-11.78923533002042
2002-04-05,80.38237201264337,7.848696658976387,-30.898820825445995,-11.46939482541005
2002-04-06,79.37608620221454,7.646473030605352,-31.222427107660057,-10.2894968338822
2002-04-07,79.9914275259269,8.932685464671781,-31.495529137402926,-9.026342828392387
2002-04-08,80.52078125017036,7.651374385579278,-32.45777502036016,-8.929990430631516
2002-04-09,81.10042277225969,7.981314768089696,-33.59728887134836,-9.908789294422446
2002-04-10,80.77516104786895,7.571352680852881,-33.92641046649013,-7.834619079428392
2002-04-11,81.26267521739996,7.879905896483605,-35.18603715019619,-9.404170994417834
2002-04-12,83.09115606209448,7.699072640703821,-36.06955271302215,-10.206086193843204
2002-04-13,83.44567552937166,7.905034709254963,-37.19553064912043,-10.556410895373654
2002-04-14,82.12452513833291,9.07467883974477,-38.587546420009204,-9.747107390874062
2002-04-15,84.29339641560875,9.939310655182355,-38.618685615464514,-8.254772071077198
2002-04-16,84.20114761662619,9.150737468700708,-36.72070526649899,-8.144435914797564
2002-04-17,85.04623935932274,10.656758521776208,-37.332439854351506,-9.050199311654646
2002-04-18,86.493897331003,9.4843103500722,-37.69979089477226,-8.648022973881696
2002-04-19,85.97367059186178,7.404573442170712,-37.8743454300717,-8.31106600214393
2002-04-20,86.24158838275282,7.807695879643002,-38.63508149182495,-9.250947359250242
2002-04-21,86.18565106629453,8.183230474279467,-37.64044542707577,-8.678664875066614
2002-04-22,86.41927709826945,8.210544299720702,-37.400391610520984,-9.669525822505857
2002-04-23,87.04083402075342,6.954614361671452,-36.82184511240305,-8.714211403711404
2002-04-24,88.74252467017577,6.879635850960649,-35.61899969454757,-8.13479699888957
2002-04-25,88.32961250646783,5.855925194913105,-36.83800762360829,-7.567103717714586
2002-04-26,87.82876790892513,6.167301915412505,-35.76252666662948,-9.910643882863239
2002-04-27,89.53643930090578,5.20861986117392,-34.30654924497928,-11.395511333619135
2002-04-28,89.17099759312431,3.800592029590744,-34.77747706826475,-9.996595537647345
2002-04-29,88.7192519992485,4.342446392387753,-36.76612888827234,-8.562420782663356
2002-04-30,87.13396518410869,5.201650631559298,-35.59527147435756,-8.97398193836658
2002-05-01,86.95205336474214,4.625051860895309,-35.117163380646915,-8.36944920855635
2002-05-02,85.46846053544672,2.32518506271014,-34.33260915817996,-8.20174539891859
2002-05-03,86.25845263780664,-0.7353382855935253,-33.48970421017565,-8.137101028888265
2002-05-04,85.46828339909152,-2.334207372285791,-32.74419643931317,-9.033726536395589
2002-05-05,84.50176608056996,-2.044201003252896,-31.963393657386824,-9.869326390994472
2002-05-06,82.48847130165085,-1.691722506514147,-33.49611655603896,-9.977915050543881
2002-05-07,81.01986985518481,-2.3140247528436544,-33.029740158665156,-9.619789222162165
2002-05-08,80.08539898141719,-2.0320696792019337,-32.2803799322748,-8.861757689901196
2002-05-09,80.3197576502034,-1.6891490115172012,-31.52145404339476,-11.195125699298996
2002-05-10,80.28840699023547,1.4120292434425068,-33.04894687469092,-10.382647270378408
2002-05-11,81.37663570494193,0.6405857028910058,-33.73031644624404,-9.795009904437496
2002-05-12,81.86878352081263,1.7969948665004187,-33.29090272745204,-8.016523795363623
2002-05-13,81.34592308499364,2.944834066937015,-33.917757211748594,-9.459382360822644
2002-05-14,83.5224389915165,3.7600844082208265,-33.58180057107208,-8.541863207470364
2002-05-15,82.72321659518745,2.3506257640290826,-34.70364283008835,-9.720958612786506
2002-05-16,83.42448450120737,1.691796655662697,-35.6534902007051,-8.764793632923492
2002-05-17,81.93145360975865,1.87839833556498,-36.10435216804507,-9.57942063615986
2002-05-18,82.59901909010519,2.5090167703478117,-36.11596536643004,-10.00917900568196
2002-05-19,82.95247644276692,2.659602300163179,-35.633447374472674,-10.18464408190054
2002-05-20,82.4462773706138,3.695136539678691,-35.78550740362668,-10.003813630273138
2002-05-21,83.09448933043377,4.950825740900687,-35.16329231638681,-7.679227007513112
2002-05-22,82.97436934764606,4.14563069374824,-35.0457513203653,-7.282430388964127
2002-05-23,81.82607465559983,4.9280974475096,-35.67518629394897,-6.987382865677549
2002-05-24,83.00467447368597,5.154618233517944,-35.514354236603644,-5.43164217850952
2002-05-25,82.67243540866708,4.693724173633758,-35.11759663474028,-4.025926381025327
2002-05-26,82.08570261496746,4.797844362755051,-35.81205604010887,-2.9797656920474713
2002-05-27,80.94686648268592,3.3437164166175037,-37.03291912997826,-1.0570945650966106
2002-05-28,83.57127711963139,4.568278314247717,-37.21694912005244,-0.659987234196711
2002-05-29,82.9670779986267,4.20556489145999,-36.679954946166895,-1.161070337629022
2002-05-30,84.14030122099028,4.46199340383044,-36.58494119944134,-2.351871907083871
2002-05-31,85.1792748774184,6.005439141040613,-35.97999109716635,-3.937510942741604
2002-06-01,84.9908746260566,4.4682456126996275,-34.251822583232,-4.253267791141219
2002-06-02,83.45760944347435,2.7301504236638188,-35.46133436178579,-3.7216191373343976
2002-06-03,83.02588080199824,3.2250340431522324,-33.45613450492362,-3.750177196193874
2002-06-04,85.04723095258079,3.6810800385410927,-32.89079946381324,-4.180970023937819
2002-06-05,85.01674598745446,5.707612779832855,-33.57943829806268,-5.300968562014496
2002-06-06,83.82087950605911,5.912314829388292,-34.631900103387046,-4.402732637246173
2002-06-07,84.69280172312783,5.902304781116798,-34.119695608306614,-2.514177629368615
2002-06-08,86.0975339426316,6.340954020839312,-33.13969560397029,-1.4016009778781622
2002-06-09,85.64429612553108,6.7082298268663765,-32.63329441304084,-1.9735641245695947
2002-06-10,83.95676253028522,7.490538913933571,-32.6556534908476,0.123097968368727
2002-06-11,85.27033153295628,7.004929986616882,-32.7464587962566,-1.5134102469812254
2002-06-12,87.24300379319249,6.359547140042131,-31.744716313300113,-1.8504898295620456
2002-06-13,88.7074497103521,7.9869633649617615,-31.833297844519187,-0.9751059886189948
2002-06-14,88.68250664826532,7.276061659454952,-31.85865887895162,-1.689944193792161
2002-06-15,87.14645483871236,6.946205839773338,-31.66027263082036,-3.399122539096315
2002-06-16,88.17797584618434,9.592931565950256,-31.827982170210767,-5.4208192542626
2002-06-17,86.12551393325086,8.305927903904312,-32.256388532887705,-6.037838418952551
2002-06-18,86.48058066388742,7.062602339617416,-32.94701479299445,-5.395795634818034
2002-06-19,86.3919536655406,7.3885238102575155,-31.78508763002909,-6.044210665919771
2002-06-20,86.24350010399075,7.7753303345969735,-30.685794453306286,-3.6863398375391276
2002-06-21,86.34906101581639,5.956575753235766,-31.07481339960702,-2.6075651756109126
2002-06-22,86.30660679036033,7.17835958715666,-30.802366290738476,-1.9623787214848938
2002-06-23,85.23500401765004,5.537051438104856,-33.107910312597,-1.2124969982552745
2002-06-24,84.64829288003479,4.076836377345636,-32.53065970197313,-0.8892793914851462
2002-06-25,85.36880251284848,4.033528828683104,-32.05391818282907,-1.1011279213471217
2002-06-26,86.62606313923168,2.601543854677227,-31.94877828992132,-1.2176027978130208
2002-06-27,87.43853179799251,3.3508583635228906,-32.129815112697464,-1.4514547213011748
2002-06-28,87.5723980916599,2.6262455960377222,-31.476672937625,-2.710466732809455
2002-06-29,88.21486795723426,1.3107442971810601,-31.30435078546526,-3.4396543496819536
2002-06-30,87.51776837887165,1.7274847561299984,-31.378065844070562,-4.171713937517663
2002-07-01,85.16327762119053,-0.3991385472392872,-33.32261023901621,-5.136967628347858
2002-07-02,83.67570159952353,-1.7548462561369567,-33.35182662710566,-6.540474251186248
2002-07-03,84.14898338938752,-2.8927198074033607,-32.92688104784342,-6.949958779918866
2002-07-04,84.51060696382923,-0.922044832369278,-33.12552905788518,-5.398139303931577
2002-07-05,84.66324158432548,-0.26696360352984516,-33.595844650242064,-5.518399234395231
2002-07-06,85.65556813460029,0.4971170981391635,-33.0344662911861,-7.10315136256833
2002-07-07,86.53577201817069,1.9967362323959497,-33.92973962463326,-5.908058180432391
2002-07-08,88.31166394411474,2.6629645539125493,-32.94572896542521,-4.975729852974203
2002-07-09,87.79853733599595,2.759623657082551,-31.67672129506759,-7.126062712175148
2002-07-10,87.54213175456331,1.6764693555585273,-31.875926924223528,-5.898294505709316
2002-07-11,87.94734606850918,3.466348069989931,-32.533294795162504,-8.07300179533592
2002-07-12,89.69595646097083,4.770785527040276,-33.3088152989324,-8.982935747057432
2002-07-13,90.63906950645085,3.358400288039059,-35.125560911872746,-8.16780457647472
2002-07-14,91.3053305893887,2.184244339122346,-35.778801971538925,-7.159840696612706
2002-07-15,89.6612710537693,2.7324507141149814,-33.89979520889842,-7.80650844280464
2002-07-16,88.76963510758081,2.51083085496251,-32.178179036831935,-8.951759129774526
2002-07-17,89.25419127477485,2.1477503960214572,-31.714110884654684,-8.872683932131837
2002-07-18,90.59818091967634,0.8688901608131299,-31.224148639921687,-8.099347230012828
2002-07-19,90.19202897047373,2.1329168644829384,-32.43368190832383,-7.163111617548204
2002-07-20,90.01141656942544,3.3228000650174567,-32.778796929298835,-7.226402805756206
2002-07-21,89.87699638015839,4.013322187146341,-34.20158513730449,-6.356515202975029
2002-07-22,88.31037230668639,3.5621974968799544,-32.88131684602117,-6.586860253394956
2002-07-23,88.64917005358993,4.504307302504465,-32.56542008902089,-6.311129458471221
2002-07-24,90.17544907935992,4.181655546732595,-32.48383796176511,-8.77759886728235
2002-07-25,90.6878409809942,5.046746039360252,-32.76455264774793,-8.276129126322806
2002-07-26,89.74288645733874,4.839935175678296,-32.88611406258347,-9.163608167423607
2002-07-27,91.60514181939135,4.41138413351841,-32.474744441815325,-7.894228871638708
2002-07-28,90.32885855886292,4.563005079329162,-32.36115118667923,-8.273125815102087
2002-07-29,91.50871793819731,6.704570695104578,-32.22035029783259,-7.097881273921032
2002-07-30,90.82234478312202,5.752697962439149,-32.4698526363915,-9.235972725497929
2002-07-31,91.26003841297435,6.774629743966568,-31.595594109078018,-9.01431029222394
2002-08-01,90.02558354015532,7.256924776876186,-30.752723629492152,-8.082072389466886
2002-08-02,91.29015240316086,6.48684661593866,-32.1818964515024,-9.938562226510227
2002-08-03,91.44409772179475,6.576792670960474,-32.39905481739401,-10.261898629679456
2002-08-04,91.65477428435274,6.45784267139708,-34.347768747816005,-11.031941372939965
2002-08-05,92.07513446128596,5.751313537143518,-34.95312750324069,-10.582512823935302
2002-08-06,93.13954777680719,4.828011162771306,-34.6781537598502,-10.174788621362579
2002-08-07,93.96048067949796,4.428839510972528,-34.60278766257196,-8.91761014725257
2002-08-08,93.11328341908057,4.714803101947896,-35.48860942917711,-9.13454743961086
2002-08-09,94.25957202564399,5.477818767136353,-34.26313775532308,-9.20135860211737
2002-08-10,93.93151880690073,6.137005264333992,-34.03190980549278,-8.37234517889092
2002-08-11,93.7817556755584,5.398198436698414,-32.144306617083224,-7.799596832361328
2002-08-12,91.72249149997722,4.98936906773606,-29.99191488552952,-7.493497029849791
2002-08-13,91.35886523471723,4.789580633059003,-30.706079412835336,-6.887492598525949
2002-08-14,90.22696598222377,5.79418715026821,-30.283273185593046,-9.12643920457926
2002-08-15,89.29801114610147,5.896809971077405,-30.118067254391317,-9.571485806712149
2002-08-16,87.7398218120328,7.048055633209727,-29.812650522778448,-9.89182661070444
2002-08-17,89.33955296470081,5.201614160860776,-29.647317900732133,-9.188354228205409
2002-08-18,87.98149883658151,6.31726762852889,-30.642854617486698,-9.171136206910994
2002-08-19,88.45607057435139,6.459756773823114,-28.875834700514865,-8.604558950332203
2002-08-20,87.91644176741083,6.5603385923841415,-29.419627917179334,-10.162502104682753
2002-08-21,89.10947202801883,6.388258926738646,-29.78612683675734,-10.580651747267579
2002-08-22,88.88979276272332,7.178077853205569,-30.96305259638356,-12.109209946871422
2002-08-23,89.9836551243402,6.726454548481736,-31.178079419316003,-13.93030926728718
2002-08-24,90.1392006415688,6.641504563975339,-30.840744631656456,-12.629795430589041
2002-08-25,90.90251626560938,5.321136259145327,-29.816065723976035,-12.859941250213527
2002-08-26,92.54271782610712,5.6961694803502905,-29.921216083463747,-12.226228253170365
2002-08-27,92.85749850097491,7.33635612997284,-30.975010949235934,-12.899246480041752
2002-08-28,91.94272755677719,7.009974829940038,-30.76746452446322,-13.676527525670815
2002-08-29,90.75008778758708,7.275889699449409,-29.97653864587985,-14.189594260444975
2002-08-30,90.93107281512016,6.549758160584143,-29.808465081251704,-13.383443933474272
2002-08-31,91.1766227719531,5.79804687962564,-32.96939886555661,-14.506018987016049
2002-09-01,90.58341318491752,7.395596887245206,-33.66525449412151,-14.973295041264327
2002-09-02,90.62574527937136,7.170255676391949,-32.13470816613308,-14.670071971996801
2002-09-03,90.06061859137318,6.794611235697178,-31.34795770759595,-14.066846950972
2002-09-04,89.40745415906903,6.0040485140846185,-31.400962879670868,-13.582744839750145
2002-09-05,89.98238042409716,6.459185255731074,-32.98944113098687,-13.674986826154214
2002-09-06,90.99233494531019,6.515166096812315,-33.085026290532305,-15.253338853856512
2002-09-07,91.49272719034192,6.477579481159467,-30.307590921469323,-15.84310041176854
2002-09-08,92.07447875833951,5.925700268035215,-30.428381858468473,-17.056623280422233
2002-09-09,90.1404603697344,5.508343524256906,-28.91483870385446,-19.71309707374322
2002-09-10,90.92080875712709,6.621346569038765,-30.66037186853785,-19.385516382593014
2002-09-11,90.90909709473036,4.763190745413908,-30.14455968123186,-19.16139667970522
2002-09-12,91.59044619987995,4.305225067355773,-31.23661445398931,-18.862248760880842
2002-09-13,90.65673533937505,4.481006590400068,-33.793327196915286,-20.28373199935031
2002-09-14,89.25048954809859,5.142267984000877,-35.499093363288644,-18.576972323752095
2002-09-15,89.10633222032438,6.159194037210986,-36.47389446929069,-18.805628264168114
2002-09-16,90.45980613578628,7.1706461909767265,-35.538951404812664,-19.132354281750636
2002-09-17,91.98018071737036,8.419297620116994,-35.45030607669257,-17.744738527934484
2002-09-18,90.45509358746712,8.747706884317102,-36.31425443082117,-17.26651567339957
2002-09-19,90.09211741155632,8.690149760496645,-34.71193376660138,-18.12789634402825
2002-09-20,87.65524481338889,8.967804986803477,-33.89076677926804,-18.10176666679682
2002-09-21,88.60550874263609,8.364951300272436,-35.05767454339201,-17.84672563277798
2002-09-22,88.10617944102113,8.658693263989534,-35.728539048569715,-17.643933977884362
2002-09-23,89.23683540423355,7.08909876571064,-35.77624983844611,-16.65990032727074
2002-09-24,88.9233984544424,9.370469236253598,-36.104168147967655,-14.879460113408419
2002-09-25,87.03803357375163,9.811035850195793,-36.7019593558531,-14.859204226070766
2002-09-26,88.23524486297607,9.204657765710149,-34.974167252136475,-15.142526195790742
